ID,x,y,z
JCSAT-13,36300,-21400,20
WGS 10 (USA 291),16500,41800,55.3
JCSAT-4A,41941.588057,-3336.21745081,-2680.68085916
